project_name_v1;project_name_v2;country_v1;country_v2;emissions_v1;emissions_v2;emissions_difference;emissions_pct_difference;latitude_v1;longitude_v1;latitude_v2;longitude_v2;distance_km
ACG (Azeri-Chirag-Guneshli Deep Water);;Azerbaijan;;1.660265695;;;;40.21967;51.09767;;;
Abqaiq;;Saudi Arabia;;1.59282777;;;;26.1687;49.7841;;;
Afşin-Elbistan Coal Mine;;Turkey;;4.08646;;;;38.340685;37.082979;;;
Agha Jari;Agha Jari;Iran;Iran;1.563110231;2.00927765306;0.4461674220599998;28.54;30.8312;49.7596;30.774561;49.791618;6.987062100745161
Ahwaz Asmari;;Iran;;2.238284406;;;;31.215274469273588;48.78837509125032;;;
Ahwaz Bangestan;;Iran;;1.433911709;;;;31.34142735057041;48.74713671009528;;;
Al Khaleej Gas project;;Qatar;;1.135307349;;;;25.404764688968577;51.32589149770892;;;
Alpha North Coal Mine;;Australia;;2.542806;;;;-24.696454301313977;134.74051051279088;;;
Anadarko Shelf_Oklahoma;;United States;;1.817826072;;;;31.7908;-103.4136;;;
Angren Coal Mine;;Uzbekistan;;2.4038;;;;41.036101;70.180128;;;
Anjialing Open-Pit Mine;;China;;1.04461104;;;;39.449488;112.360569;;;
Antaibao Surface Mine;;China;;1.19837388;;;;39.474754;112.311939;;;
Arctic LNG 2 T1-3;;Russia;;1.475579089;;;;64.74675533792778;97.6757031203325;;;
Area 1 LNG (T1&T2);;Mozambique;;1.006654597;;;;-11.01534506741382;40.89575176938189;;;
Area-1 Future Phases;;Mozambique;;1.022724356;;;;-11.05671034258756;40.78198966379694;;;
Arshanovsky Coal Mine;;Russia;;1.708476;;;;53.398991;91.095886;;;
Asab;;United Arab Emirates;;1.373231334;;;;23.464524356836776;53.32383588048137;;;
Athabasca Oil Sands Project;;Canada;;1.355853264;;;;55.529;-110.925;;;
Austin Chalk Tight;;United States;;1.392828065;;;;28.30015217;-98.7787202;;;
Azadegan;;Iran;;2.278016459;;;;31.1613;47.7945;;;
BIB Coal Mine;;Indonesia;;1.07342739;;;;-3.700239;115.559833;;;
Ba Leng Coal Mine;;China;;1.071360893;;;;38.474786;106.668299;;;
Bab;;United Arab Emirates;;4.197033055;;;;23.906393529098427;54.00851187700544;;;
Bab (Gasco);;United Arab Emirates;;1.674389775;;;;24.06199695096277;54.01813475103998;;;
Baghdad East;;Iraq;;2.742460925;;;;33.382;44.521;;;
Baijia Haizi Coal Mine;;China;;4.961658372;;;;38.356604;108.950826;;;
Baishihu Surface Mine;;China;;1.2935604;;;;43.917059;94.670358;;;
Baiyanghe Coal Mine;;China;;1.23986544;;;;44.048539;88.529268;;;
Baiyinhua No.3 Surface Mine;;China;;1.5792966;;;;44.897826;118.615908;;;
Bakken Shale;;United States;;5.948592838;;;;48.75400284;-103.6694762;;;
Balaram Coal Mine;;India;;1.37311524;;;;20.962009;85.178092;;;
Balasu Coal Mine;;China;;6.401171436;;;;38.265057;109.208519;;;
Baltimore Canyon Offshore;;United States;;1.648511699;;;;39.844686833398;-100.54240718303907;;;
Banhardih;;India;;1.106;;;;23.723081;84.576412;;;
Bankui;;India;;1.6;;;;22.411226301174324;78.74805677563799;;;
Baode Coal Mine;;China;;1.65844206;;;;38.950871;111.089441;;;
Barail Shale;;India;;2.141583711;;;;22.359964050205196;78.76510918367553;;;
Barnett Shale;;United States;;1.360879964;;;;33.86578666;-98.83889992;;;
Barzan;;Qatar;;3.094095108;;;;25.306226220700992;51.211818432059296;;;
Basrah Gas project;;Iraq;;1.041154291;;;;30.501773750915195;47.62559252526773;;;
Beaufort Sea Offshore;;United States;;1.254810599;;;;39.74262669866818;-100.43734725350062;;;
Beisky-Zapadniy Coal Mine;;Russia;;2.4338286;;;;53.36813093;91.15773622;;;
Bernice-Cygnus Coal Mine;;South Africa;;1.07242344;;;;-22.9028678;29.4318658;;;
Berri;;Saudi Arabia;;3.557107777;;;;27.1145;49.6389;;;
Black Thunder Coal Mine;;United States;;1.358040033;;;;43.66;-105.3;;;
Blackwater Coal Mine;;Australia;;1.000395;;;;-23.685585;148.807361;;;
Bogatyr Coal Mine;;Kazakhstan;;7.32204;;;;51.655495;75.4336006;;;
Boikarabelo Coal Mine;;South Africa;;2.4284766;;;;-26.0;27.545833;;;
Boli Coal Mine;;China;;2.0209497;;;;37.427284;113.576734;;;
Borly Coal Mines;;Kazakhstan;;1.02264492;;;;50.8613763;73.6562436;;;
Bovanenkovo Zone (Yamal Megaproject);;Russia;;11.15863625;;;;70.49;68.078;;;
Bowland Shale;;United Kingdom;;1.476082594;;;;54.7023545;-3.2765753;;;
Bu Hasa;;United Arab Emirates;;4.915778525;;;;23.6139909852162;53.198117555755545;;;
Buertai Coal Mine;;China;;4.515258;;;;39.495115;109.973302;;;
Buliangou Coal Mine;;China;;1.820015076;;;;40.012229;111.336127;;;
Buzios (x-Franco);;Brazil;;3.638233141;;;;-24.657;-42.498;;;
Byerwen Coal Mine;;Australia;;1.8407268;;;;-21.242828;147.835392;;;
Cambrian/Silurian Marine Shale;;China;;2.367530441;;;;34.94806719788222;104.95947618728778;;;
Campos Offshore;;Brazil;;1.560951299;;;;-10.32682814070147;-53.26957843993451;;;
Candeias Shale;;Brazil;;1.641797865;;;;-10.26530254614122;-53.29246936182786;;;
Carboniferous Shale;;Kazakhstan;;1.287218515;;;;48.1012954;66.7780818;;;
Carmichael Coal Project;;Australia;;2.1068964;;;;-22.073611;146.329722;;;
Central Arabian Offshore;;Bahrain;;1.411444785;;;;26.1551249;50.5344606;;;
Central Arabian Offshore;;Iran;;2.122142874;;;;32.59326179168417;54.58223387092213;;;
Central Arabian Offshore;;Saudi Arabia;;6.860051661;;;;25.570327575808435;42.39481088564463;;;
Central Arabian Onshore;;Iraq;;2.607423632;;;;33.0955793;44.1749775;;;
Central Arabian Onshore;;Kuwait;;3.597522951;;;;29.338504102550196;47.57742873035417;;;
Central Arabian Onshore;;Qatar;;2.217231619;;;;25.380919892516197;51.1825350486009;;;
Central Arabian Onshore;;Saudi Arabia;;4.359973713;;;;25.651475024938463;42.40298442946872;;;
Central Uplift Onshore Xinjiang Uygur Autonomous Region;;China;;1.04432647;;;;34.927346800414355;104.9897798457134;;;
Cerrejón Coal Mine;;Colombia;;2.40895116;;;;11.033968;-72.662926;;;
Chagannur No.1 Coal Mine;;China;;1.73650512;;;;43.553884;115.167883;;;
Chahasu Coal Mine;;China;;4.208464524;;;;39.302564;109.965281;;;
Changcheng No.3 Coal Mine;;China;;1.12311012;;;;38.369137;106.57545;;;
Changqing;Changqing;China;China;4.939920283;3.941759349;-0.9981609340000004;-20.21;37.4467;106.6668;36.19635;107.6328;163.3418893764657
Chirodzi Coal Mine;;Mozambique;;2.928816;;;;-15.914093;33.013188;;;
Christina Lake;;Canada;;1.232128944;;;;61.08402866535078;-107.95780402089514;;;
Chukchi Sea Offshore;;United States;;2.539277487;;;;39.71409997271603;-100.40986293585888;;;
Collingham Shale;;South Africa;;1.849888206;;;;-28.8166236;24.991639;;;
Cumberland Coal Mine;;United States;;1.89396768;;;;39.81;-80.17;;;
DJ Basin Tight Oil;;United States;;5.852116216;;;;40.652082;-104.0780917;;;
Dafosi Coal Mine;;China;;1.360020116;;;;35.062428;107.960069;;;
Dahaize Coal Mine;;China;;7.993471068;;;;38.422179;109.277001;;;
Dalaihushuo Coal Mine;;China;;2.875609176;;;;45.382698;119.486564;;;
Daliuta Coal Mine;;China;;1.207160328;;;;39.263103;110.234325;;;
Dananhu No. 7 Coal Mine;;China;;3.63173184;;;;42.383;93.0205;;;
Dananhu No.1 Coal Mine;;China;;7.16583648;;;;42.382334;93.018391;;;
Dananhu West No.2 Coal Mine;;China;;2.74804677;;;;42.380815;92.96712;;;
Daqing;Daqing;China;China;2.601815792;2.570080388;-0.03173540399999997;-1.22;34.92453785896824;104.91021597400474;46.620701;125.004;2125.9620479749537
Dingji Coal Mine;;China;;1.667325;;;;32.871396;116.631428;;;
Dipka Coal Mine;;India;;1.1718525;;;;22.345077;82.544192;;;
Dolphin;;Qatar;;1.550235876;;;;26.1938;52.0041;;;
Dongzhouyao Coal Mine;;China;;2.152948235;;;;40.020636;112.863555;;;
Dovletabad-Donmez;;Turkmenistan;;1.578094288;;;;39.382869924710896;59.3894108750061;;;
Duvernay;;Canada;;1.871369296;;;;61.01717450898887;-107.90344336568108;;;
Eagle Ford Shale;;Mexico;;5.0680294;;;;28.126464;-100.43932;;;
Eagle Ford Shale;;United States;;5.924247947;;;;30.57697534;-96.40893727;;;
East Natuna (x-Natuna D-Alpha);;Indonesia;;2.158541118;;;;-2.4833826;117.8902853;;;
Eastern Gas Program;;Russia;;4.274058366;;;;67.39;79.405;;;
El Descanso Coal Mine;;Colombia;;4.149156;;;;9.7050912;-73.5231884;;;
El Sharara;;Libya;;1.00784607;;;;26.394;11.936;;;
Elegest Coal Mine;;Russia;;2.281434144;;;;51.565237;94.112646;;;
Elga Coal Mine;;Russia;;4.528609428;;;;56.192426;130.635752;;;
Ensham Coal Mine;;Australia;;1.31499396;;;;-23.454464;148.497455;;;
Erkovetskiy Coal Mine;;Russia;;1.03891788;;;;50.316;128.447;;;
Fengjiata Coal Mine;;China;;1.18617048;;;;39.196394;111.13213;;;
Fording River;;Canada;;1.034808588;;;;50.19284;-114.86473;;;
GAM Coal Mine;;Indonesia;;1.31552652;;;;1.142666;117.873624;;;
Gachsaran;Gachsaran;Iran;Iran;1.739296877;1.478143008;-0.2611538689999999;-15.01;30.2865;50.7415;30.220091;50.806271;9.646494649614699
Galilee Coal Mine;;Australia;;1.81629;;;;-23.498536;145.94229;;;
Gaohe Coal Mine;;China;;1.533939;;;;36.152253;112.990815;;;
Gaojiabao Coal Mine;;China;;1.1471196;;;;35.268672;107.818112;;;
Gaojialiang No.1 Coal Mine;;China;;2.012584728;;;;39.724671;110.065041;;;
Gaotouyao Coal Mine;;China;;1.870537152;;;;40.019808;109.639961;;;
Gare Pelma Sector II;;India;;1.3103;;;;22.11866;83.53358;;;
Garzweiler Coal Mine;;Germany;;1.32209;;;;51.0839989;6.4529844;;;
Gazprom dobycha Nadym;;Russia;;1.286567712;;;;67.25;74.666667;;;
Gazprom dobycha Orenburg;;Russia;;1.593313222;;;;51.029;55.065;;;
Gazprom dobycha Yamburg;;Russia;;8.863793695;;;;68.000833;75.998611;;;
Gething Coal Mine;;Canada;;2.0808216;;;;56.038803;-122.305087;;;
Gevra Coal Mine;;India;;2.43019602;;;;22.336312;82.545748;;;
Ghawar Ain Dar N;;Saudi Arabia;;2.088574939;;;;25.177743114366585;49.18560331227423;;;
Ghawar Ain Dar S;;Saudi Arabia;;1.43464453;;;;25.19078921895293;49.19791351044925;;;
Ghawar Haradh;;Saudi Arabia;;6.966827829;;;;25.171349005212964;49.28515918442645;;;
Ghawar Hawiyah;;Saudi Arabia;;4.649714459;;;;25.244800347497183;49.26395941804002;;;
Ghawar Shedgum;;Saudi Arabia;;5.695002943;;;;25.20079120452993;49.169092768142;;;
Ghawar Uthmaniyah;;Saudi Arabia;;19.22190525;;;;25.223549425983027;49.18609842590048;;;
Goldwyer Shale;Goldwyer Shale;Australia;Australia;4.468806417;2.818899468;-1.6499069489999996;-36.92;-24.77841484250414;134.68724356381577;-18.1;124.1;1322.4486269992003
Goonyella-Riverside Coal Mine;;Australia;;2.18219496;;;;-21.792321;147.962045;;;
Gorgon LNG T1-T3;Gorgon LNG T1-T3;Australia;Australia;1.931000175;1.764198201;-0.16680197400000019;-8.64;-24.71492331052776;134.8261149532438;-19.83333;114.4667;2164.3252882312627
Greater Burgan;;Kuwait;;8.341919008;;;;29.07838;47.98141;;;
Greater Liza (Liza);;Guyana;;1.002783934;;;;4.8417097;-58.6416891;;;
Greater Soutpansberg Coal Project;;South Africa;;2.80377372;;;;-22.881211;29.661589;;;
Greater Turbot (Stabroek);;Guyana;;1.114423675;;;;7.9904;-57.0997;;;
Grootegeluk Coal Mine;;South Africa;;6.87204672;;;;-23.657141;27.566687;;;
Gulf Coast Centre Offshore;;United States;;1.106200913;;;;39.81159504642366;-100.42644399660053;;;
Gulf Deepwater Offshore;;Mexico;;2.204840846;;;;23.6585116;-102.0077097;;;
Guojiatan Coal Mine;;China;;2.1613851;;;;38.611469;109.809687;;;
Guojiawan Coal Mine;;China;;1.87688292;;;;39.278743;110.39397;;;
Guqiao Coal Mine;;China;;2.029181352;;;;32.821408;116.545709;;;
Haerwusu Surface Mine;;China;;2.0804889;;;;39.731044;111.258324;;;
Halagou Coal Mine;;China;;1.25939088;;;;39.232488;110.076802;;;
Halfayah;;Iraq;;1.409043856;;;;31.546;47.451;;;
Hambach Coal Mine;;Germany;;1.7054961;;;;50.891826;6.5734464;;;
Hamilton County Mine No.1;;United States;;1.184779292;;;;38.1702261;-88.6013872;;;
Hanglaiwan Coal Mine;;China;;1.780964196;;;;38.530798;109.871886;;;
Harmaliyah;;Saudi Arabia;;1.028095523;;;;25.529970829608747;42.32001753325253;;;
Hassi Messaoud;;Algeria;;1.215923408;;;;31.854;5.8;;;
Hassi R'Mel (Domestic);;Algeria;;2.271542343;;;;33.064;3.202;;;
Haynesville/Bossier Shale;;United States;;13.20413118;;;;31.65403345;-94.04298929;;;
Hetaoyu Coal Mine;;China;;3.00081606;;;;35.269947;107.946376;;;
Hongliulin Coal Mine;;China;;3.08990088;;;;38.935223;110.400815;;;
Hongqinghe Coal Mine;;China;;5.707042044;;;;39.292114;109.684071;;;
Hongqingliang Coal Mine;;China;;1.97763419;;;;39.875788;109.367767;;;
Hongshaquan No.1 Coal Mine;;China;;8.97193968;;;;44.5192;90.3135;;;
Hongshuliang Coal Mine;;China;;1.013931692;;;;39.452624;111.290036;;;
Horizon Oil Sands Project;;Canada;;1.989790706;;;;60.99826889734878;-108.0913323699758;;;
Huangling No.2 Coal Mine;;China;;1.36189944;;;;35.661062;108.91871;;;
Huangyuchuan Coal Mine;;China;;2.261021545;;;;39.67209;111.183497;;;
Hulusu Coal Mine;;China;;3.963176184;;;;39.047968;109.500809;;;
Hunter Valley North Coal Mine;;Australia;;1.734018;;;;-32.4657844;150.9734981;;;
Hunter Valley South Coal Mine;;Australia;;1.1737968;;;;-32.5245107;150.9819012;;;
Huojitu Well Of Daliuta Coal Mine;;China;;1.13336496;;;;39.259312;110.224368;;;
Hutton Coal Mine;;Australia;;1.68599904;;;;-25.951645;148.961201;;;
Inaglinskaya-2 Mine;;Russia;;1.2966;;;;56.943611;124.750556;;;
Indexim Coalindo Coal Mine;;Indonesia;;1.11338577;;;;0.894663;117.80553;;;
Inner Mongolia Erlintu Coal Mine;;China;;2.228926603;;;;39.217439;110.006028;;;
Integrated Belpahar, Lakhanpur, Lilari Coal Mine;;India;;1.5167978;;;;21.771004;83.854397;;;
Irati Shale;;Brazil;;2.695278585;;;;-10.353300678215836;-53.25177513505275;;;
Jiangjun Gebi No.2 Coal Mine;;China;;7.83946416;;;;44.650514;90.12045;;;
Jinjie Coal Mine;;China;;3.85139304;;;;38.742365;110.171171;;;
Jinjitan Coal Mine;;China;;2.192462844;;;;38.506707;109.819371;;;
Johan Sverdrup;;Norway;;1.073871982;;;;58.8013;2.603;;;
KPC Operation Coal Mine;;Indonesia;;3.0945552;;;;0.823979;117.599032;;;
Kaniha Coal Mine;;India;;1.19693511;;;;21.095844;85.079292;;;
Karachaganak;;Kazakhstan;;1.207734375;;;;50.8372;52.9707;;;
Kashagan;;Kazakhstan;;5.086161261;;;;46.486;50.1374;;;
Kearl;;Canada;;1.901181774;;;;61.13501855188255;-108.08142857579534;;;
Kerandari BC;;India;;1.83304;;;;23.9125;85.0875;;;
Khafji;;Kuwait;;1.439897189;;;;28.2744;48.8864;;;
Khurais project;;Saudi Arabia;;7.634938272;;;;25.2028;48.0153;;;
Khursaniyah;;Saudi Arabia;;2.413255558;;;;27.0287;48.5437;;;
Kish Gas Project;;Iran;;1.193632598;;;;26.5293;53.9434;;;
Kolubara Mine Complex;;Serbia;;2.52399;;;;44.407304;20.36354;;;
Kouzi East Coal Mine;;China;;1.01906904;;;;32.833342;116.162687;;;
Kronprins Christian Offshore;;Denmark;;2.23244534;;;;55.670249;10.3333283;;;
Ku-Maloob-Zaap Project;;Mexico;;1.960224743;;;;19.5078002;-92.19671584;;;
Kusmunda Coal Mine;;India;;1.1502183;;;;22.332635;82.666666;;;
Kuznetsk Depression (Kuzbass) CBM;;Russia;;4.90609548;;;;64.70648552023354;97.7838158728602;;;
La Luna Shale;;Colombia;;1.616788836;;;;4.099917;-72.9088133;;;
La Luna Shale;;Venezuela;;1.090522015;;;;8.0018709;-66.1109318;;;
Lakhanpur Coal Mine;;India;;1.5179997;;;;21.7451;83.8401;;;
Leningradskoye (Kara Sea);;Russia;;1.800619883;;;;72.718933;65.722145;;;
Lensky Basin CBM;;Russia;;2.73771576;;;;64.62267255887363;97.772153585689;;;
Leviathan;;Israel;;1.060241772;;;;33.0014;33.649;;;
Liard Shale;;Canada;;1.201818384;;;;61.09257019816;-107.92167121700273;;;
Libra;;Brazil;;1.891731555;;;;-10.328688258728;-53.27352161192408;;;
Lijiahao Coal Mine;;China;;1.47905208;;;;39.738114;110.024669;;;
Listvianskaya Coal Mine;;Russia;;2.3876094;;;;54.521779;86.405582;;;
Liuzhuang Coal Mine;;China;;1.52054364;;;;32.805365;116.285412;;;
Llandovery Shale;;Brazil;;4.273465065;;;;-10.34239394345328;-53.13090622618976;;;
Longmaxi Shale;Longmaxi Shale;China;China;5.691701535;1.13151645;-4.5601850850000005;-80.12;31.3452653501356;105.007307661713;31.0;113.0;762.7506120148923
Longmaxi Shale (Sichuan/Changyu);;China;;2.20989992;;;;34.943303967218;105.06413016461543;;;
Longwan Coal Mine;;China;;1.035854829;;;;35.581287;112.222324;;;
Longwanggou Coal Mine;;China;;1.922670077;;;;39.810538;111.214212;;;
Lower Zakum;;United Arab Emirates;;2.434419542;;;;24.834817503279293;53.67707175439654;;;
Loy Yang Coal Mine;;Australia;;3.0513672;;;;-38.2347;146.564;;;
Lublin Basin Silurian Shale;;Poland;;5.647084841;;;;52.215933;19.134422;;;
Lula (X-Tupi);;Brazil;;2.545775174;;;;-25.398;-42.839;;;
MC #1 Coal Mine;;United States;;2.87756172;;;;38.0264;-88.7679;;;
MHU Coal Mine;;Indonesia;;1.07524368;;;;-0.534905;117.032835;;;
MZLNG Joint Development (T1-T2);;Mozambique;;1.310175723;;;;-19.302233;34.9144977;;;
Madaotou Coal Mine;;China;;1.8353013;;;;39.840587;112.655069;;;
Majialiang Coal Mine;;China;;3.17044332;;;;39.179446;112.420825;;;
Majnoon;;Iraq;;2.468342318;;;;31.224;47.563;;;
Mandakini B;;India;;1.31316;;;;21.071001;84.934995;;;
Manifa (redevelop);;Saudi Arabia;;5.000284718;;;;27.7159;48.9834;;;
Mansouri Bangestan;;Iran;;1.045838888;;;;30.9289;48.828;;;
Marcellus Shale;;United States;;26.71441286;;;;40.22485633;-79.91241587;;;
Maritsa Coal Mines;;Bulgaria;;2.5191824;;;;42.2737;26.0138;;;
Marjan;;Saudi Arabia;;1.889926075;;;;28.4389;49.6746;;;
Marun;;Iran;;2.408543885;;;;31.1217;49.3097;;;
Meihuajing Coal Mine;;China;;3.49749444;;;;38.096785;106.718029;;;
Mengcun Coal Mine;;China;;1.363070966;;;;35.146834;107.933183;;;
Menilite Shale;;Ukraine;;1.666673391;;;;49.4871968;31.2718321;;;
Menkeqing Coal Mine;;China;;3.685914936;;;;38.901778;109.538887;;;
Meramec Shale;;United States;;2.439577611;;;;35.66986334;-100.3275328;;;
Mero (Libra NW);;Brazil;;1.287024055;;;;-10.427553475568486;-53.13400159539658;;;
Moher Amlohri Coal Mine;;India;;1.04436675;;;;24.135;82.599444;;;
Montney Play;;Canada;;13.6884891;;;;60.98585246518835;-108.08992383433296;;;
Mount Pleasant Coal Mine;;Australia;;1.12027212;;;;-32.25591661;150.8499847;;;
Muduchaideng Coal Mine;;China;;1.719483467;;;;38.837173;109.468665;;;
Murray River Coal Mine;;Canada;;8.4833496;;;;53.5226333;-118.8403882;;;
NLNG Base Project;;Nigeria;;1.033411352;;;;9.6000359;7.9999721;;;
Nahr bin Umar;;Iraq;;1.277643431;;;;30.58;47.531;;;
Nalin River No.2 Coal Mine;;China;;1.674721396;;;;38.060343;108.973298;;;
New Largo Coal Mine;;South Africa;;1.4277978;;;;-25.9052929;28.9732141;;;
Ningtiaota Coal Mine;;China;;4.0149186;;;;39.030282;110.250253;;;
Ningxia Hongliu Coal Mine;;China;;2.899771908;;;;37.883204;106.7576;;;
North Antelope Rochelle Coal Mine;;United States;;2.9242269;;;;43.566667;-105.283333;;;
North Field;;Qatar;;11.61275076;;;;26.5712;51.8521;;;
North Field C LNG;;Qatar;;7.768105079;;;;25.340054235028603;51.25254802682415;;;
North Field E;;Qatar;;4.594474423;;;;25.40058252526636;51.20145226375591;;;
North Kara Sea Offshore;;Russia;;1.176960094;;;;64.59826681609847;97.79713906523637;;;
North Slope Onshore;;United States;;2.035951159;;;;39.883504448504894;-100.52288135530986;;;
Oil shale China;;China;;1.385461449;;;;34.95509858666302;104.91007158114728;;;
Olive Downs Coal Mine;;Australia;;1.37120808;;;;-22.2204628;148.4033203;;;
Orinoco Joint Ventures;;Venezuela;;6.703396162;;;;8.4187491835152;-64.7395794192658;;;
PRB Tight Oil;;United States;;2.770946453;;;;43.56355125;-105.4122725;;;
PTBA Coal Mines;;Indonesia;;8.89417848;;;;-3.739981;103.768323;;;
Paardekop Coal Mine;;South Africa;;1.6962726;;;;-27.23;29.72305556;;;
Pakar North Coal Mine;;Indonesia;;1.0949309;;;;0.576564;116.019118;;;
Pangpangta Coal Mine;;China;;2.180771987;;;;37.998811;111.13841;;;
Parnaiba Onshore;;Brazil;;1.998572969;;;;-10.23501021141932;-53.2137520944146;;;
Pars Southwest;;Iran;;1.1092643;;;;32.689871548070634;54.50752073966645;;;
Pasir Coal Mine;;Indonesia;;0.97534773;;;;-1.890937;115.871586;;;
Pazanan;;Iran;;1.358409167;;;;30.4532;50.1354;;;
Peak Downs Coal Mine;;Australia;;2.31824868;;;;-22.2548999;148.1796569;;;
Pereyaslovskiy Coal Mine;;Russia;;1.634661;;;;55.62819;94.70438;;;
Permian Conventional_Texas;;United States;;2.061829878;;;;39.81381823098168;-100.4785471241796;;;
Permian Delaware Tight;;United States;;27.80443109;;;;32.16024627;-103.0436454;;;
Permian Midland Tight;Permian Midland Tight;United States;United States;16.62881821;17.314227400420002;0.6854091904200033;4.12;33.38270934;-100.0064432;31.476845;-102.62436;324.46076846999307
Pervomaisky Coal Mine;;Russia;;1.53518772;;;;54.275148;86.882458;;;
Phulbari Coal Mine;;Bangladesh;;1.39606896;;;;25.9468733;89.5532405;;;
Pingshuo East Coal Mine;;China;;2.64996711;;;;39.550649;112.442337;;;
Pribbenow Coal Mine;;Colombia;;1.36922148;;;;9.575297;-73.484914;;;
Project Kuwait;;Kuwait;;4.409493298;;;;29.280800865173408;47.40733772122815;;;
Project Motheo;;Botswana;;2.179548;;;;-22.515137;27.024339;;;
QatarGas 1 LNG T1-T3;;Qatar;;1.283272558;;;;25.28431884036356;51.284805996683545;;;
QatarGas LNG T12-T13 (NFE-South);;Qatar;;1.785210581;;;;25.43086960953891;51.13804306097796;;;
QatarGas LNG T8-T11 (NFE-East);;Qatar;;3.39497532;;;;25.406659017833807;51.30638490143063;;;
Qatargas 2 LNG T4-T5;;Qatar;;1.828035431;;;;26.3028;51.9223;;;
Qatif project;;Saudi Arabia;;5.066814884;;;;26.7077;49.9393;;;
Qingchunta Coal Mine;;China;;1.423502203;;;;39.476108;111.32351;;;
Qinghua No.7 Coal Mine;;China;;3.37546044;;;;44.004615;81.380651;;;
Qingshuiying Coal Mine;;China;;1.82806932;;;;38.125694;106.728935;;;
Qiyuan Coal Mine;;China;;1.71387033;;;;37.887028;113.24403;;;
Qurna West;;Iraq;;3.982828932;;;;30.707083426002583;47.28891919485825;;;
Qurna West-2;;Iraq;;1.598723281;;;;30.580267988986265;47.37019612595026;;;
Rajmahal Coal Mine;;India;;5.83210719;;;;25.038;87.3538;;;
Rasgas 2 LNG T3-T5;;Qatar;;1.509806372;;;;25.40977690486169;51.30430137738974;;;
Rasgas 3 LNG T6-T7;;Qatar;;1.490692041;;;;25.310099908025105;51.32236135625877;;;
Raspadskaya Coal Mine;;Russia;;2.416722228;;;;53.784142;88.082391;;;
Ratawi;;Iraq;;1.065138744;;;;30.053;47.307;;;
Red Hill Coal Project;;Australia;;4.56446892;;;;-21.764098;148.005592;;;
Revuboe Coal Mine;;Mozambique;;1.38454668;;;;-16.234739;33.831034;;;
Romashkino;;Russia;;1.338604935;;;;54.833612;52.81;;;
Rumaila North & South;;Iraq;;7.761609425;;;;30.2365;47.4163;;;
Rusanovskoye (Kara Sea);;Russia;;1.316123949;;;;64.59202824294421;97.68380537733007;;;
Saebyol Coal Mining Complex;;North Korea;;3.2282703;;;;42.860757;130.2001;;;
Safaniya;;Saudi Arabia;;11.92614355;;;;28.19963279231009;48.82089109969101;;;
Safaniya YTF Concession;;Saudi Arabia;;1.842871867;;;;28.28069521305312;48.74492314689606;;;
Saharpur Jamarpani;;India;;1.048;;;;24.225;87.6;;;
Samotlorneftegaz (TNK-BP);;Russia;;1.867807241;;;;61.167222;76.665556;;;
San Juan Coal Mine;;Colombia;;1.64013696;;;;10.7691665;-73.0183361;;;
Sandaogou Coal Mine;;China;;2.262266292;;;;39.218384;110.774205;;;
Sanjiao No.1 Coal Mine;;China;;1.384573357;;;;37.786314;111.066045;;;
Santos Offshore;;Brazil;;4.339841028;;;;-10.369969484329369;-53.20961765510914;;;
Saraji East Coal Mine;;Australia;;1.33919544;;;;-22.371371;148.299848;;;
Sembar Shale;Sembar Shale;Pakistan;Pakistan;2.840236853;2.4614563900000004;-0.37878046299999957;-13.34;30.3308401;71.247499;25.4128;69.0037;588.0483090856569
Sengwe Colliery;;Zimbabwe;;1.0;;;;-17.326699;28.420141;;;
SeverEnergia Project;;Russia;;1.099534929;;;;66.834167;77.248611;;;
Shaanxi Caojiatan Coal Mine;;China;;3.336897696;;;;38.556704;109.898777;;;
Shahaiji No.1 Coal Mine;;China;;1.1959332;;;;46.62623839418114;86.16114368354269;;;
Shajihai No.2 Coal Mine;;China;;1.1471196;;;;46.61272401579465;86.18171647284885;;;
Shangwan Coal Mine;;China;;1.78657776;;;;39.217545;110.007346;;;
Shangyuquan Coal Mine;;China;;1.428774072;;;;39.256901;111.22119;;;
Shanxi Dongda Coal Mine;;China;;1.02996696;;;;35.726066;112.424415;;;
Shanxi Lu'an Gucheng Coal Mine;;China;;1.811350662;;;;36.25626;112.918649;;;
Shaqu No.1 Coal Mine;;China;;1.38630624;;;;37.411799;110.861439;;;
Shaybah;;Saudi Arabia;;4.268589672;;;;21.7237;53.6572;;;
Shengli;Shengli;China;China;1.50578136;1.421856655;-0.08392470500000004;-5.57;37.1771;118.4754;37.465446;118.58768;33.51344368594984
Shengli East No.2 Coal Mine;;China;;4.5936618;;;;44.06697;116.22348;;;
Shengli No.1 Open-Pit Coal Mine;;China;;1.6129498;;;;44.002945;116.00678;;;
Shenhua Baorixile Surface Coal Mine;;China;;1.5660757;;;;49.391925;119.746017;;;
Shenhua Bulianta Coal Mine;;China;;2.22313896;;;;39.354814;110.168084;;;
Shenhua Heidaigou Surface Coal Mine;;China;;2.72080242;;;;39.794309;111.254573;;;
Shicaocun Coal Mine;;China;;1.456378163;;;;37.943405;106.696881;;;
Shigetai Coal Mine;;China;;1.19330253;;;;39.412064;110.13213;;;
Shilawusu Coal Mine;;China;;3.884098152;;;;39.018006;109.621986;;;
Shitoumei No.1 Coal Mine;;China;;2.416834556;;;;44.271559;93.057426;;;
Shtokman;;Russia;;6.135874132;;;;71.794;45.723;;;
Shubarkol Coal Mine;;Kazakhstan;;0.99091608;;;;49.017346;68.614549;;;
Shurapskaya Coal Mine;;Russia;;1.03240764;;;;55.5959;86.1429;;;
Siarmal Coal Mine;;India;;1.8605412;;;;22.043469;83.733619;;;
Sihe Coal Mine;;China;;1.00522563;;;;35.533277;112.651247;;;
Sijiazhuang Coal Mine;;China;;1.559805723;;;;37.585557;113.621388;;;
Sirte Shale;;Libya;;1.703281911;;;;26.8234472;18.1236723;;;
South Pars (Phases 2-3) dry gas;;Iran;;1.016274224;;;;26.94041755405312;52.14199022753333;;;
South Pars (Phases 20-21);;Iran;;1.017173226;;;;26.93208573438476;52.122312915243945;;;
South Pars (Phases 22-24);;Iran;;1.04273081;;;;26.85999201772849;52.15477976323183;;;
South Pars (Phases 4-5) dry gas;;Iran;;1.100975522;;;;26.881271568153416;52.130418592316126;;;
South Pars (Phases 9-10) dry gas;;Iran;;1.265006303;;;;26.868855064367978;52.25339399242522;;;
Southeast Uplift Onshore Heilongjiang Province;;China;;1.750536451;;;;35.097032462776454;105.09349049942207;;;
Spirit River (Notikewin, Falher, Wilrich);;Canada;;2.976203115;;;;61.06828882522202;-108.0446720578356;;;
Stepnoy Coal Mine;;Russia;;3.55851144;;;;53.705548;91.087818;;;
Suancigou Coal Mine;;China;;2.077994952;;;;39.705785;111.205624;;;
Sudair Shale;;Saudi Arabia;;1.032893123;;;;25.65120303337985;42.29500478590038;;;
Sugodinsk-Ogodzhinsky Coal Mine;;Russia;;1.81586592;;;;52.750425;132.581978;;;
Syncrude Mildred Lake/Aurora;;Canada;;1.184050044;;;;57.056;-111.711;;;
Talahao Coal Mine;;China;;1.297489895;;;;39.79013;110.156685;;;
Talaipalli Coal Mine;;India;;1.53294876;;;;22.17758;83.355201;;;
Taldinsky Coal Mine;;Russia;;2.196612;;;;54.177222;87.190556;;;
Talike District No. 2 Coal Mine;;China;;1.1349162;;;;41.979907;84.378789;;;
Tambey Zone (Yamal Megaproject);;Russia;;2.474909236;;;;71.235;71.546;;;
Tanf Shale;;Syria;;1.363655326;;;;34.6401861;39.0494106;;;
Tannezuft Shale;;Algeria;;2.347866837;;;;28.0000272;2.9999825;;;
Tanzanian Coastal Offshore;;Tanzania;;1.031198167;;;;-6.5247123;35.7878438;;;
Taohe Coal Mine;;China;;1.413495415;;;;46.798152;85.710006;;;
Taran Gaole Coal Mine;;China;;2.928816;;;;39.996232;109.205991;;;
Tarim (CNPC);Tarim;China;China;1.959883851;2.378571104;0.4186872530000001;21.36;40.9466;82.2528;37.46629;77.30368;576.0319407255073
Tashan Coal Mine;;China;;9.003555;;;;39.924229;113.070254;;;
Tavan Tolgoi Coal Mine;;Mongolia;;16.03032948;;;;43.625;105.474167;;;
Taymyr Basin CBM;;Russia;;1.233321785;;;;64.71528874529139;97.70944142187038;;;
Tengiz;;Kazakhstan;;3.357866129;;;;45.4741;53.0719;;;
Thar Coal Mine;;Pakistan;;1.886983;;;;24.7755787;70.3982412;;;
Timan - Pechora Basin Offshore;;Russia;;2.48143889;;;;64.62998604280237;97.7622553746686;;;
Timan - Pechora Basin Onshore;;Russia;;2.351649692;;;;64.5955569526074;97.78477524668094;;;
Tongxin Coal Mine;;China;;1.56861936;;;;40.013182;113.103349;;;
Troll;;Norway;;1.77210443;;;;60.72052686060313;3.703872965572407;;;
Tunguska Basin CBM;;Russia;;8.843821834;;;;64.6837716873256;97.7528407256006;;;
Tutupan Coal Mine;;Indonesia;;1.09340658;;;;-2.204484;115.527798;;;
Ulug-Khem Project;;Russia;;2.15285004;;;;51.6013748;93.9287167;;;
Umm Shaif/Nasr;;United Arab Emirates;;1.939252733;;;;25.377;53.537;;;
Upper Zakum;;United Arab Emirates;;6.44038252;;;;24.78791115270512;53.72523058305936;;;
Urengoyskoye;;Russia;;5.199312832;;;;67.461;77.156;;;
Usinsk-1 Coal Mine;;Russia;;1.65665412;;;;67.5027536;63.9918311;;;
Utica Shale;;United States;;7.713186851;;;;40.09991816;-80.95831393;;;
Vaca Muerta Shale;;Argentina;;5.177782001;;;;-38.81729;-68.95311;;;
Valeria Coal Mine;;Australia;;2.03280264;;;;-23.470142;148.033559;;;
Velkerri Shale;Velkerri Shale;Australia;Australia;1.058031183;1.015168079;-0.04286310400000004;-4.05;-24.78077516632136;134.77764957751978;-16.86521;134.37621;877.3736019442014
Volga - Urals Onshore;;Russia;;1.36763708;;;;64.76186871385431;97.73826448691504;;;
Wangjialing Coal Mine;;China;;2.72374212;;;;35.702102;110.686347;;;
Wangjiata Coal Mine;;China;;1.61328948;;;;39.676306;110.001415;;;
Wangwa Coal Mine;;China;;1.072190724;;;;36.163732;106.616037;;;
Wards Well Coal Mine;;Australia;;2.66772;;;;-21.598813;147.958654;;;
Weijiamao Open Pit Mine;;China;;1.68650988;;;;39.534982;111.29515;;;
Wenjiazhuang Coal Mine;;China;;1.255168504;;;;37.976647;113.182795;;;
West Florida Offshore;;United States;;1.069261489;;;;39.847165534470136;-100.499945512161;;;
West Macedonia Lignite Centre (WMLC);;Greece;;2.16342;;;;40.448222;21.783496;;;
West Siberia Offshore;;Russia;;2.856403668;;;;61.7;73.4;;;
West Siberia Onshore;;Russia;;1.1645132;;;;64.60550156204356;97.71305102357611;;;
West Well of Faer Second Coal Mine;;China;;1.00573044;;;;26.31898;104.753785;;;
Western Gulf Province_Texas;;United States;;5.061653121;;;;39.687485670505794;-100.44976547344294;;;
Wilton and Fairhill Coal Projects;;Australia;;1.867404;;;;-23.41261;148.576971;;;
Woodford Shale;;United States;;3.377142985;;;;31.6360312;-103.0420571;;;
Wucaiwan No.1 Coal Mine;;China;;3.336165492;;;;44.777239;89.098488;;;
Wucaiwan No.1 Surface Mine;;China;;1.389697968;;;;44.933507;89.184722;;;
Wudong Coal Mine;;China;;1.61328948;;;;43.929294;87.745344;;;
Xiaobaodang No.1 Coal Mine;;China;;3.783542136;;;;38.74059554796638;109.88580366736672;;;
Xiaobaodang No.2 Coal Mine;;China;;1.934043646;;;;38.80211988919658;109.87012524560076;;;
Xiaojiawa Coal Mine;;China;;1.769273339;;;;38.394821;111.143913;;;
Xiaojihan Coal Mine;;China;;4.62142758;;;;38.4378;109.5059;;;
Xiaozhuang Coal Mine;;China;;1.41071304;;;;35.08346;107.983823;;;
Xinjiang (CNPC);;China;;1.356420308;;;;34.91059126495723;104.94185833785636;;;
Xinjiang Hongshan Coal Mine;;China;;1.204817275;;;;46.501086;86.043581;;;
Xinwen Ili No.1 Coal Mine;;China;;4.488654588;;;;43.546231;80.961116;;;
Xinzhuang Coal Mine;;China;;2.299511069;;;;35.265896;107.912029;;;
Xiwan Surface Coal Mine;;China;;1.529598563;;;;38.6047;110.064;;;
Yadian Coal Mine;;China;;1.49064531;;;;35.217077;107.969668;;;
Yallourn;;Australia;;1.13003484;;;;-38.195064;146.360402;;;
Yangchangwan No.1 Well Coal Mine;;China;;1.0738992;;;;38.08372;106.642094;;;
Yangjiacun Coal Mine;;China;;1.07878056;;;;39.8069;110.153087;;;
Yangquan No.1 Coal Mine;;China;;1.210995054;;;;37.907856;113.517665;;;
Yashlar Vostochnyy (East);;Turkmenistan;;2.129145331;;;;39.30607880411048;59.47635425020694;;;
Yili No.4 Coal Mine;;China;;2.58235296;;;;44.074228;81.141898;;;
Yimin Surface Coal Mine;;China;;2.0336148;;;;48.588717;119.757048;;;
Yingpanhao Coal Mine;;China;;3.75986754;;;;38.467484;108.945391;;;
Yolotan (Iolotan) South;;Turkmenistan;;9.548227901;;;;39.35450427804269;59.338196436529245;;;
Youngs Creek Coal Mine;;United States;;1.08842976;;;;44.9947173;-106.9785339;;;
Yucatan Platform Offshore;;Mexico;;1.025798315;;;;19.3991;-92.0532;;;
Yuganskneftegaz;;Russia;;4.345193315;;;;61.383889;70.486944;;;
Yushuwan Coal Mine;;China;;2.82630744;;;;38.557184;109.897685;;;
Yuwang No.1 Coal Mine;;China;;1.252568876;;;;25.102178;104.615702;;;
Zambezi Coal Mine;;Mozambique;;4.149156;;;;-16.115037;33.602149;;;
Zaoquan Coal Mine;;China;;1.05925512;;;;37.926904;106.53365;;;
Zhangji Coal Mine;;China;;2.193932928;;;;32.746348;116.515103;;;
Zhangjiamao Coal Mine;;China;;1.324312968;;;;38.936832;110.402261;;;
Zhaoshipan Coal Mine;;China;;1.933750764;;;;37.909105;109.094503;;;
Zhong Yu Coal Mine;;China;;1.371608238;;;;36.45315;112.238487;;;
Zhundong Surface Mine;;China;;3.53166396;;;;44.836767;89.148398;;;
Zubair;;Iraq;;1.679304399;;;;30.386366966923674;47.55943862464137;;;
Zuluf;;Saudi Arabia;;2.449978206;;;;28.611;49.059;;;
Zuluf (CR in field);;Saudi Arabia;;3.535052229;;;;25.666972578862627;42.3722601953512;;;
Zuluf (expansion);;Saudi Arabia;;1.833213347;;;;25.57085285806245;42.38663231568516;;;
;Cambay Shale;;India;;1.390065376;;;;;23.279179;72.61042;
;Tarim Basin Onshore;;China;;1.068083076;;;;;39.686501;81.122498;
;Xi'nan-CNPC;;China;;1.655567733;;;;;29.268999;105.1497;
;Xinjiang;;China;;1.886127816;;;;;45.619999;85.089996;
;Yaan Slope Onshore Sichuan Province;;China;;4.931716150000001;;;;;30.487499;104.028;
