Carbon_Bomb_Name,Parent_Company,percentage
Ensham Coal Mine,Thungela Resources Australia,85
Ensham Coal Mine,LX International,15
Hunter Valley North Coal Mine,Yankuang Energy,51
Hunter Valley North Coal Mine,Glencore,51
Byerwen Coal Mine,QCoal,85
Byerwen Coal Mine,JFE Steel,15
Mount Pleasant Coal Mine,Integrated Energy Services Corporation,
Hunter Valley South Coal Mine,Yankuang Energy,51
Hunter Valley South Coal Mine,Glencore,51
Peak Downs Coal Mine,BHP,50
Peak Downs Coal Mine,Mitsubishi Corporation,50
Blackwater Coal Mine,BHP,50
Blackwater Coal Mine,Mitsubishi Corporation,50
Goonyella-Riverside Coal Mine,BHP,50
Goonyella-Riverside Coal Mine,Mitsubishi Corporation,50
Loy Yang Coal Mine,AGL Energy,
Yallourn,CLP Group,
Red Hill Coal Project,BHP,50
Red Hill Coal Project,Mitsubishi Corporation,50
Wards Well Coal Mine,Stanmore Resources,50
Wards Well Coal Mine,Mitsubishi Corporation,50
Alpha North Coal Mine,GVK Group,
Carmichael Coal Project,Adani Group,
Valeria Coal Mine,Glencore,
Wilton and Fairhill Coal Projects,Futura Resources,50
Wilton and Fairhill Coal Projects,Sojitz,50
Galilee Coal Mine,Mineralogy,
Hutton Coal Mine,Valiant Resources,
Olive Downs Coal Mine,Pembroke Resources,
Saraji East Coal Mine,BHP,50
Saraji East Coal Mine,Mitsubishi Corporation,50
Phulbari Coal Mine,GCM Resources,
Project Motheo,Minerals Development Company Botswana,
Maritsa Coal Mines,Bulgarian Energy Holding,
Fording River,Teck Resources,
Murray River Coal Mine,HD Mining International,
Gething Coal Mine,CKD Mines,
Qingshuiying Coal Mine,China Energy,51
Qingshuiying Coal Mine,Ningxia State-Owned Capital Operation Group,49
Sijiazhuang Coal Mine,Huayang New Material Technology Group,
Shangyuquan Coal Mine,Guangdong Jinma Tourism Group,70
Shangyuquan Coal Mine,Jinneng Group,30
Shaqu No.1 Coal Mine,China Coal,28
Shaqu No.1 Coal Mine,Shanxi Coking Coal Group,51
Shaqu No.1 Coal Mine,Others,21
Shahaiji No.1 Coal Mine,China Energy,
Gaojiabao Coal Mine,Shandong Energy,
Shajihai No.2 Coal Mine,China Energy,
Yangjiacun Coal Mine,Shandong Energy,
Kouzi East Coal Mine,China Coal,30
Kouzi East Coal Mine,China Energy,7
Kouzi East Coal Mine,Anhui Xinji Coal and Electricity Group China COSCO Shipping,7
Wangjialing Coal Mine,China Coal,29
Wangjialing Coal Mine,HKSCC Nominees Limited,15
Wangjialing Coal Mine,Shanxi Coking Coal Group,25
Wangjialing Coal Mine,Others,31
Yili No.4 Coal Mine,Shandong Energy,55
Yili No.4 Coal Mine,Zhejiang Energy Group,45
Hongqingliang Coal Mine,Shanxi Zhongbo Real Estate Development Company,40
Hongqingliang Coal Mine,Beijing Energy Group,37
Hongqingliang Coal Mine,Shougang Group,1
Hongqingliang Coal Mine,China Coal,1
Weijiamao Open Pit Mine,China Huaneng,42
Weijiamao Open Pit Mine,Guangdong Hengjian Investment Holding Company,
Weijiamao Open Pit Mine,China Energy,8
Weijiamao Open Pit Mine,China Securities Finance Corporation,3
Weijiamao Open Pit Mine,Others,44
Dingji Coal Mine,Huaihe Energy,50
Dingji Coal Mine,China Cinda Asset Management,49
Dingji Coal Mine,Others,1
Wudong Coal Mine,China Energy,
Lijiahao Coal Mine,China Energy,69
Lijiahao Coal Mine,HKSCC Nominees Limited,17
Lijiahao Coal Mine,Others,14
Shicaocun Coal Mine,China Energy,51
Shicaocun Coal Mine,Ningxia State-Owned Assets Company,49
Qingchunta Coal Mine,Guangdong Hanjian Holding Company,94
Qingchunta Coal Mine,Shanghai Chengrui Investment Company,6
Xiaozhuang Coal Mine,Shaanxi Coal and Chemical Industry Group,45
Xiaozhuang Coal Mine,China Development Bank,6
Xiaozhuang Coal Mine,Others,49
Talahao Coal Mine,Inner Mongolia Yitai Investment,
Baishihu Surface Mine,Guanghui Energy Holding Company,94
Baishihu Surface Mine,Xinjiang Guanghui Industry Investment Group,5
Baishihu Surface Mine,Xinjiang Production and Construction Corps,1
Fengjiata Coal Mine,Shaanxi Investment Group,66
Fengjiata Coal Mine,Shaanxi Coal and Chemical Industry Group,34
Wucaiwan No.1 Surface Mine,Zhejiang Xinhu Group Holding Company,34
Wucaiwan No.1 Surface Mine,Zhejiang Shenglong Industrial Company,6
Wucaiwan No.1 Surface Mine,Yichang Caiyuan Investment and Management Company,41
Wucaiwan No.1 Surface Mine,Yichang Xinfa Industry Investment Company,10
Wucaiwan No.1 Surface Mine,Hubei Yihua Chemical Company,7
Wucaiwan No.1 Surface Mine,Xinjiang Energy Group,2
Gaojialiang No.1 Coal Mine,Beijing Energy,50
Gaojialiang No.1 Coal Mine,Ordos Energy Investment and Development Company,20
Gaojialiang No.1 Coal Mine,Shougang Group,1
Gaojialiang No.1 Coal Mine,Others,29
Gaohe Coal Mine,Lu'an Chemical Group,55
Gaohe Coal Mine,Asian American Continental Coal Company,45
Hongshaquan No.1 Coal Mine,Yima Coal Industry Group,60
Hongshaquan No.1 Coal Mine,Beijing Lirui Investment Company,40
Ningxia Hongliu Coal Mine,China Energy,51
Ningxia Hongliu Coal Mine,Ningxia State-Owned Capital Operation Group,49
Guojiawan Coal Mine,China Energy,37
Guojiawan Coal Mine,Shaanxi Coal and Chemical Group,18
Guojiawan Coal Mine,Fugu State-Owned Asset Management and Operation Company,21
Guojiawan Coal Mine,Others,24
Gaotouyao Coal Mine,China Huaneng,77
Gaotouyao Coal Mine,Guangdong Hengjian Investment Holding Company,7
Gaotouyao Coal Mine,China Energy,4
Gaotouyao Coal Mine,Others,12
Shanxi Lu'an Gucheng Coal Mine,Lu'an Chemical Group,
Hanglaiwan Coal Mine,Shaanxi Youser Group,63
Hanglaiwan Coal Mine,Shaanxi Yanchang Petroleum Group,38
Xiaojiawa Coal Mine,China Huadian,51
Xiaojiawa Coal Mine,Shanxi Tangrong Investment Company (24.5%),5
Xiaojiawa Coal Mine,Shanxi Dubao New Energy Group (24.5%),5
Wangjiata Coal Mine,Xin’ao Holding Investment Company,31
Wangjiata Coal Mine,Hongchuang (Shenzhen) Investment Center,10
Wangjiata Coal Mine,Langfang Heyuan Investment Center,8
Wangjiata Coal Mine,Hebei Weiyuan Group,7
Wangjiata Coal Mine,Others,44
Huangling No.2 Coal Mine,Shaanxi Coal and Chemical Industry Group,34
Huangling No.2 Coal Mine,Jiangsu Yueda Group,45
Huangling No.2 Coal Mine,Industrial and Commercial Bank of China,21
Dafosi Coal Mine,Shaanxi Coal and Chemical Industry Group (56.8%),8
Dafosi Coal Mine,Binxian Coal Company,5
Dafosi Coal Mine,Shaanxi Investment Group,5
Dafosi Coal Mine,Others,33
Zaoquan Coal Mine,China Energy,51
Zaoquan Coal Mine,Ningxia State-Owned Capital Operation Group,49
Yangquan No.1 Coal Mine,Huayang New Material Technology Group,
Sandaogou Coal Mine,China Energy,70
Sandaogou Coal Mine,Shaanxi Coal and Chemical Industry Group,30
Guqiao Coal Mine,Huaihe Energy,83
Guqiao Coal Mine,China Cinda Asset Management,8
Guqiao Coal Mine,China Energy,3
Guqiao Coal Mine,Others,6
Sihe Coal Mine,Jinneng Group (70.06%),06
Sihe Coal Mine,China Development Bank（10.29%），China Cinda Asset Management Company (13.65%),29
Dananhu No.1 Coal Mine,China Energy,
Xiaojihan Coal Mine,China Huadian,79
Xiaojihan Coal Mine,Yuling Mining Group,16
Xiaojihan Coal Mine,Yulin Yuyang District Energy Investment Company,5
Shengli East No.2 Coal Mine,China Datang (35.34%),34
Shengli East No.2 Coal Mine,HKSCC Nominees Limited (32.9%),9
Shengli East No.2 Coal Mine,Tianjin Energy Investment Group,7
Shengli East No.2 Coal Mine,Hebei Construction & Investment Group(6.93%),93
Shengli East No.2 Coal Mine,Beijing Energy Group (6.81%),81
Shengli East No.2 Coal Mine,Others(3.27%),27
Shengli East No.2 Coal Mine,China Datang (35.34%),34
Shengli East No.2 Coal Mine,HKSCC Nominees Limited (32.9%),9
Shengli East No.2 Coal Mine,Tianjin Energy Investment Group,7
Shengli East No.2 Coal Mine,Hebei Construction & Investment Group(6.93%),93
Shengli East No.2 Coal Mine,Beijing Energy (6.81%),81
Shengli East No.2 Coal Mine,Others (3.27%),27
Shengli East No.2 Coal Mine,China Datang (35.34%),34
Shengli East No.2 Coal Mine,HKSCC Nominees Limited (32.9%),9
Shengli East No.2 Coal Mine,Tianjin Energy Investment Group,7
Shengli East No.2 Coal Mine,Hebei Construction & Investment Group(6.93%),93
Shengli East No.2 Coal Mine,Beijing Energy (6.81%),81
Shengli East No.2 Coal Mine,Others (3.27%),27
Chahasu Coal Mine,China Energy,50
Chahasu Coal Mine,Hebei Construction & Investment Group,50
Majialiang Coal Mine,Jinneng Holding Group,88
Majialiang Coal Mine,Others,12
Yushuwan Coal Mine,Shaanxi Yulin Energy Group,50
Yushuwan Coal Mine,Shenmu Coal Company,20
Yushuwan Coal Mine,Yulin Yuyang Coal Company,20
Yushuwan Coal Mine,Yanchang Oil and Minerals Administration Hengshan Oil Drilling and Production Company,10
Huangyuchuan Coal Mine,China Energy,37
Huangyuchuan Coal Mine,Elion Group,49
Huangyuchuan Coal Mine,Others,14
Dongzhouyao Coal Mine,Jinneng Group,
Longwanggou Coal Mine,China Datang,51
Longwanggou Coal Mine,Luen Mei Group,49
Tongxin Coal Mine,Jinneng Group (45.62%),62
Tongxin Coal Mine,China Energy,30
Tongxin Coal Mine,China Cinda Asset Management Company (21.08%),08
Tongxin Coal Mine,Others(3.3%),3
Xiwan Surface Coal Mine,China Energy,51
Xiwan Surface Coal Mine,Shaanxi Yanchang Petroleum and Mining Company,49
Zhangjiamao Coal Mine,Shaanxi Coal and Chemical Industry Group,35
Zhangjiamao Coal Mine,Shenmu State-Owned Assets Operation Company,45
Zhangjiamao Coal Mine,Others,20
Liuzhuang Coal Mine,China Coal,30
Liuzhuang Coal Mine,China Energy,7
Liuzhuang Coal Mine,Anhui Xinji Coal and Electricity Group,7
Liuzhuang Coal Mine,Others,55
Menkeqing Coal Mine,China Coal,38
Menkeqing Coal Mine,Sinopec,38
Menkeqing Coal Mine,Shenergy,13
Menkeqing Coal Mine,Manshi Group,10
Menkeqing Coal Mine,Others,1
Meihuajing Coal Mine,China Energy,51
Meihuajing Coal Mine,Ningxia State-Owned Capital Operation Group,49
Shigetai Coal Mine,China Energy,69
Shigetai Coal Mine,HKSCC Nominees Limited,17
Shigetai Coal Mine,Others,14
Yangchangwan No.1 Well Coal Mine,China Energy,51
Yangchangwan No.1 Well Coal Mine,Ningxia State-Owned Capital Operation Group,49
Zhangji Coal Mine,Huaihe Energy,83
Zhangji Coal Mine,China Cinda Asset Management Company,8
Zhangji Coal Mine,China Energy,3
Zhangji Coal Mine,Others,6
Hulusu Coal Mine,China Coal,38
Hulusu Coal Mine,Sinopec,38
Hulusu Coal Mine,Shenergy,13
Hulusu Coal Mine,Manshi Group,10
Hulusu Coal Mine,Others,1
Baode Coal Mine,China Energy,69
Baode Coal Mine,HKSCC Nominees Limited,17
Baode Coal Mine,Others,14
Tashan Coal Mine,Jinneng Group,41
Tashan Coal Mine,China Datang,9
Tashan Coal Mine,HKSCC Nominees Limited,9
Tashan Coal Mine,Others,41
Hongqinghe Coal Mine,Inner Mongolia Yitai Investment,90
Hongqinghe Coal Mine,Inner Mongolia Guanglian Minzu Economic Development Company,5
Hongqinghe Coal Mine,Inner Mongolia Coal Field Geological Bureau,5
Xiaobaodang No.1 Coal Mine,Shaanxi Coal and Chemical Industry Group,55
Xiaobaodang No.1 Coal Mine,Shaanxi Investment Group,28
Xiaobaodang No.1 Coal Mine,Others,17
Hongliulin Coal Mine,Shaanxi Coal and Chemical Industry Group,32
Hongliulin Coal Mine,Shenmu County State-Owned Assets Operation Company,24
Hongliulin Coal Mine,Shaanxi Yulin Energy Group,25
Hongliulin Coal Mine,China Development Bank,19
Buliangou Coal Mine,Inner Mongolia Mengtai Group,49
Buliangou Coal Mine,China Huadian,35
Buliangou Coal Mine,Others,16
Huojitu Well Of Daliuta Coal Mine,China Energy,69
Huojitu Well Of Daliuta Coal Mine,HKSCC Nominees Limited,17
Huojitu Well Of Daliuta Coal Mine,Others,14
Shangwan Coal Mine,China Energy,69
Shangwan Coal Mine,HKSCC Nominees Limited,17
Shangwan Coal Mine,Others,14
Halagou Coal Mine,China Energy,69
Halagou Coal Mine,HKSCC Nominees Limited,17
Halagou Coal Mine,Others,14
Ningtiaota Coal Mine,Shaanxi Coal and Chemical Industry Group,32
Ningtiaota Coal Mine,Yulin State-Owned Capital Operation and Management Company,25
Ningtiaota Coal Mine,Shenmu City State-Owned Assets Operation Company,24
Ningtiaota Coal Mine,Others,19
Jinjie Coal Mine,China Energy,49
Jinjie Coal Mine,State Grid Corporation of China,30
Jinjie Coal Mine,Others,21
Suancigou Coal Mine,Inner Mongolia Yitai Group,52
Suancigou Coal Mine,Shanxi Yuedian Energy,24
Suancigou Coal Mine,Beijing Jingneng Power Company,24
Daliuta Coal Mine,China Energy,69
Daliuta Coal Mine,HKSCC Nominees Limited,17
Daliuta Coal Mine,Others,14
Buertai Coal Mine,China Energy,69
Buertai Coal Mine,HKSCC Nominees Limited,17
Buertai Coal Mine,Others,14
Pingshuo East Coal Mine,China Coal,57
Pingshuo East Coal Mine,HKSCC Nominees Limited,30
Pingshuo East Coal Mine,Others,13
Baiyinhua No.3 Surface Mine,State Power Investment Corporation (SPIC),43
Baiyinhua No.3 Surface Mine,Huolinhe Coal Industry Group,23
Baiyinhua No.3 Surface Mine,Industrial and Commercial Bank of China,33
Yimin Surface Coal Mine,China Huaneng,
Antaibao Surface Mine,China Coal,57
Antaibao Surface Mine,HKSCC Nominees Limited,30
Antaibao Surface Mine,Others,13
Shenhua Bulianta Coal Mine,China Energy,69
Shenhua Bulianta Coal Mine,HKSCC Nominees Limited,17
Shenhua Bulianta Coal Mine,Others,14
Anjialing Open-Pit Mine,China Coal,57
Anjialing Open-Pit Mine,HKSCC Nominees Limited,30
Anjialing Open-Pit Mine,Others,13
Shenhua Heidaigou Surface Coal Mine,China Energy,40
Shenhua Heidaigou Surface Coal Mine,China Cinda Asset Management Company,42
Shenhua Heidaigou Surface Coal Mine,Others,18
Haerwusu Surface Mine,China Energy,69
Haerwusu Surface Mine,HKSCC Nominees Limited,17
Haerwusu Surface Mine,Others,14
Shenhua Baorixile Surface Coal Mine,China Energy,39
Shenhua Baorixile Surface Coal Mine,Guangda Holding Company,17
Shenhua Baorixile Surface Coal Mine,China National Petroleum Corporation,9
Shenhua Baorixile Surface Coal Mine,Changchun Jijun Trade Company,2
Shenhua Baorixile Surface Coal Mine,Others,33
Dahaize Coal Mine,China Coal,
Jiangjun Gebi No.2 Coal Mine,Tebian Electric Apparatus (TBEA),86
Jiangjun Gebi No.2 Coal Mine,Xinjiang Joinworld Company,14
Balasu Coal Mine,Shaanxi Yanchang Petroleum Group 84%,84
Balasu Coal Mine,Others 16%,16
Baijia Haizi Coal Mine,Inner Mongolia Huineng Coal and Electricity Group,60
Baijia Haizi Coal Mine,Inner Mongolia Ordos Investment Holding Group,38
Baijia Haizi Coal Mine,Bayannaoer Zhuoyue Building Materials Company,1
Xinwen Ili No.1 Coal Mine,Shandong Energy,
Shilawusu Coal Mine,Shandong Energy,77
Shilawusu Coal Mine,Shanghai Huayi Group,19
Shilawusu Coal Mine,Jiutai Energy,2
Shilawusu Coal Mine,Jinchengtai Limited Liability Company Of Chemical Industry of Ordos City,1
Shilawusu Coal Mine,Others,1
Yingpanhao Coal Mine,Shandong Energy,82
Yingpanhao Coal Mine,Other,28
Dananhu No. 7 Coal Mine,China Reform Holdings Company,36
Dananhu No. 7 Coal Mine,China Chengtong Holdings Group,20
Dananhu No. 7 Coal Mine,China Coal,29
Dananhu No. 7 Coal Mine,China Energy,15
Zhundong Surface Mine,China Energy,
Qinghua No.7 Coal Mine,China Kingho Energy Group,
Shaanxi Caojiatan Coal Mine,Shaanxi Coal and Chemical Industry Group,51
Shaanxi Caojiatan Coal Mine,Shaanxi Financial Holding Group,23
Shaanxi Caojiatan Coal Mine,Yulin City Yuyang District Energy Investment Company,12
Shaanxi Caojiatan Coal Mine,Yulin State-Owned Asset Operation and Management Company,8
Shaanxi Caojiatan Coal Mine,Shenmu County State-Owned Asset Management Company,5
Wucaiwan No.1 Coal Mine,Beijing Guotai Xinhua Industrial Company,19
Wucaiwan No.1 Coal Mine,Xinjiang Changyuan Water Group,14
Wucaiwan No.1 Coal Mine,Xinjiang Xinhua Hydropower Investment Company,14
Wucaiwan No.1 Coal Mine,Xinjiang Energy Group,5
Wucaiwan No.1 Coal Mine,Others,42
Hetaoyu Coal Mine,China Huaneng,
Taran Gaole Coal Mine,China Energy,
Dalaihushuo Coal Mine,Jilin Province Coal Industry Group,41
Dalaihushuo Coal Mine,Tibet Hengyisheng Investment Company,39
Dalaihushuo Coal Mine,Fude Life Insurance Company,20
Dananhu West No.2 Coal Mine,China Energy,
Shitoumei No.1 Coal Mine,Xinjiang Energy Group,
Xinzhuang Coal Mine,China Huaneng,
Inner Mongolia Erlintu Coal Mine,Inner Mongolia Huineng Coal and Electricity Group,55
Inner Mongolia Erlintu Coal Mine,Shenmu Taide Energy Investment Company,17
Inner Mongolia Erlintu Coal Mine,Inner Mongolia Kaiyuan Shiye Group,10
Inner Mongolia Erlintu Coal Mine,Shendong Tianlong Group,9
Inner Mongolia Erlintu Coal Mine,Erdos Jiuyuan Investment Company,2
Inner Mongolia Erlintu Coal Mine,Others,7
Jinjitan Coal Mine,Shandong Energy,62
Jinjitan Coal Mine,Shaanxi Yanchang Petroleum Group,19
Jinjitan Coal Mine,Jiaxing Dejian Investment Partnership,5
Jinjitan Coal Mine,Others,14
Pangpangta Coal Mine,Shanxi Coking Coal Group,58
Pangpangta Coal Mine,China Cinda Asset Management Company,36
Pangpangta Coal Mine,China Construction Bank,4
Guojiatan Coal Mine,Shaanxi Yulin Energy Group,
Boli Coal Mine,Shanxi Huayang Group New Energy Company,70
Boli Coal Mine,Shanxi Chuangrei New Energy Investment Company,30
Xiaobaodang No.2 Coal Mine,Shaanxi Coal and Chemical Industry Group,55
Xiaobaodang No.2 Coal Mine,Shaanxi Investment Group,28
Xiaobaodang No.2 Coal Mine,Others,17
Zhaoshipan Coal Mine,Shaanxi Investment Group,54
Zhaoshipan Coal Mine,Yulin City Finance Investment Management Company,20
Zhaoshipan Coal Mine,Shaanxi Yulin Energy Group,20
Zhaoshipan Coal Mine,Others,6
Madaotou Coal Mine,Jinneng Group,
Chagannur No.1 Coal Mine,Jizhong Energy Group,48
Chagannur No.1 Coal Mine,China Huarong Asset Management Company,2
Chagannur No.1 Coal Mine,China Energy Investment Corporation,49
Chagannur No.1 Coal Mine,Others,1
Muduchaideng Coal Mine,China Coal,66
Muduchaideng Coal Mine,Inner Mongolia Boyuan Holdings Group,11
Muduchaideng Coal Mine,Others,23
Qiyuan Coal Mine,Huayang New Material Technology Group,
Nalin River No.2 Coal Mine,China Coal,66
Nalin River No.2 Coal Mine,Inner Mongolia Boyuan Holdings Group,11
Nalin River No.2 Coal Mine,Others,23
Shengli No.1 Open-Pit Coal Mine,China Energy,46
Shengli No.1 Open-Pit Coal Mine,China Huaneng,26
Shengli No.1 Open-Pit Coal Mine,Others,28
Yadian Coal Mine,Bin County Coal Company,
Taohe Coal Mine,Shandong First Geological and Mineral Exploration Institute,
Sanjiao No.1 Coal Mine,Jinneng Group,
Zhong Yu Coal Mine,Shanxi Coking Coal Group (41.30%),30
Zhong Yu Coal Mine,China Cinda Asset Management Company,26
Zhong Yu Coal Mine,Others (32.7%),7
Mengcun Coal Mine,Shaanxi Coal and Chemical Industry Group,45
Mengcun Coal Mine,China Development Bank,6
Mengcun Coal Mine,Others,49
Wenjiazhuang Coal Mine,Yang Quan Coal Industry Group,32
Wenjiazhuang Coal Mine,Jinneng Group,21
Wenjiazhuang Coal Mine,Shanxi Boda Group,9
Wenjiazhuang Coal Mine,Shanxi Provincial Coal Industry Agency Service Center,7
Wenjiazhuang Coal Mine,Beijing Sunshine Ruita Investment Consulting Company,4
Wenjiazhuang Coal Mine,Others,27
Yuwang No.1 Coal Mine,China Huaneng,34
Yuwang No.1 Coal Mine,Shanghua Investment Company,8
Yuwang No.1 Coal Mine,HKSCC Nominees Limited,25
Yuwang No.1 Coal Mine,HeBei Construction & Investment Group,3
Yuwang No.1 Coal Mine,Others,30
Baiyanghe Coal Mine,Shandong Lutai Holding Group,75
Baiyanghe Coal Mine,Ming Kei Energy Investment Company,25
Xinjiang Hongshan Coal Mine,Xuzhou Coal Mining Group,
Talike District No. 2 Coal Mine,Bazhou Dongchen Industry and Trade Company,
Changcheng No.3 Coal Mine,Shandong Energy,43
Changcheng No.3 Coal Mine,State Grid Company,10
Changcheng No.3 Coal Mine,China Huadian Group,16
Changcheng No.3 Coal Mine,Others,30
Wangwa Coal Mine,Ningxia Wangwa Coal Industry Company,
Ba Leng Coal Mine,Jinneng Group,
Longwan Coal Mine,Jinneng Group,44
Longwan Coal Mine,Huayang New Material Technology Group,18
Longwan Coal Mine,Yangcheng County Yangtai Group,21
Longwan Coal Mine,Shanxi Yujin Trading Company,9
Longwan Coal Mine,Shanxi Juhuang Century Investment Company,6
Longwan Coal Mine,Others,2
Shanxi Dongda Coal Mine,Jinneng Group,
Hongshuliang Coal Mine,Kailuan Group,60
Hongshuliang Coal Mine,Inner Mongolia Shengli Resource Group,16
Hongshuliang Coal Mine,Erdos Chunhui Forest Company,12
Hongshuliang Coal Mine,Junggar Juli Cultivation Company,12
West Well of Faer Second Coal Mine,Guizhou Panjiang Coal and Electricity Group,58
West Well of Faer Second Coal Mine,Shandong Energy,12
West Well of Faer Second Coal Mine,Guizhou Coalfield Geology Bureau,10
West Well of Faer Second Coal Mine,Others,20
Pribbenow Coal Mine,Drummond Company,100
El Descanso Coal Mine,Drummond Company,100
Cerrejón Coal Mine,Glencore,
San Juan Coal Mine,Yildirim Holding AS,
Garzweiler Coal Mine,RWE Power,
Hambach Coal Mine,RWE Power,
West Macedonia Lignite Centre (WMLC),Public Power Corporation of Greece S.A,
Kaniha Coal Mine,Coal India,
Rajmahal Coal Mine,Coal India,
Talaipalli Coal Mine,National Thermal Power Corporation,
Moher Amlohri Coal Mine,Reliance Power,
Lakhanpur Coal Mine,Coal India,
Dipka Coal Mine,Coal India,
Gevra Coal Mine,Coal India,
Kusmunda Coal Mine,Coal India,
Siarmal Coal Mine,Coal India,
Kerandari BC,Government of India,
"Integrated Belpahar, Lakhanpur, Lilari Coal Mine",Coal India,
Balaram Coal Mine,Coal India,
Gare Pelma Sector II,Gujarat State Electricity Corporation,
Banhardih,Government of India,
Bankui,Coal India,
Mandakini B,National Thermal Power Corporation,
Saharpur Jamarpani,Uttar Pradesh Rajya Vidyut,
MHU Coal Mine,Private Resources Limited,
Indexim Coalindo Coal Mine,Indexim Coalindo,
PTBA Coal Mines,Indonesia Asahan Aluminium,
BIB Coal Mine,Golden Energy Mines,
Pasir Coal Mine,Indika Energy,
Tutupan Coal Mine,Adaro Energy,
KPC Operation Coal Mine,Bumi Resources,
GAM Coal Mine,LG International,50
GAM Coal Mine,Titan Infra Energy,50
Pakar North Coal Mine,Bayan Resources,
Borly Coal Mines,Kazakhmys Corporation,
Shubarkol Coal Mine,Joint Resources JSC,67
Shubarkol Coal Mine,Trans Coal Investment Group 16.5%),5
Shubarkol Coal Mine,FCI Management (16.5%),5
Bogatyr Coal Mine,Samruk-Energo,50
Bogatyr Coal Mine,United Company RUSAL,50
Bogatyr Coal Mine,Samruk-Energo,50
Bogatyr Coal Mine,United Company RUSAL,50
Bogatyr Coal Mine,Samruk-Energo,50
Bogatyr Coal Mine,United Company RUSAL,50
Bogatyr Coal Mine,Samruk-Energo,50
Bogatyr Coal Mine,United Company RUSAL,50
Tavan Tolgoi Coal Mine,Erdenes MGL,
Zambezi Coal Mine,Steel Authority of India (SAIL) (49.59%),59
Zambezi Coal Mine,Rashtriya Ispat Nigam (RINL) (24.8%),8
Zambezi Coal Mine,NMDC (24.8%),8
Zambezi Coal Mine,NTPC (0.54%),54
Zambezi Coal Mine,Coal India (0.27%),27
Chirodzi Coal Mine,Jindal Group,
Chirodzi Coal Mine,Jindal Group,
Chirodzi Coal Mine,Jindal Group,
Chirodzi Coal Mine,Jindal Group,
Revuboe Coal Mine,Talbot Group,59
Revuboe Coal Mine,Nippon Steel & Sumitomo Metal,33
Revuboe Coal Mine,POSCO,8
Saebyol Coal Mining Complex,Government of North Korea,
Thar Coal Mine,Sindh Engro Coal Mining Company,
Thar Coal Mine,Shanghai Electric Group,
Thar Coal Mine,Sindh Engro Coal Mining Company,
Thar Coal Mine,Shanghai Electric Group,
Erkovetskiy Coal Mine,Russian Coal,
Stepnoy Coal Mine,Octo Coal,
Listvianskaya Coal Mine,Siberian Business Union-Coal (SBU),
Raspadskaya Coal Mine,Evraz,
Pereyaslovskiy Coal Mine,Russian Coal,
Elegest Coal Mine,Tuva Energy Industrial Company,
Arshanovsky Coal Mine,Rutek Alliance,
Taldinsky Coal Mine,Ural Mining Metallurgical Company,
Elga Coal Mine,A-Property,
Beisky-Zapadniy Coal Mine,Private individuals,
Ulug-Khem Project,Severstal-Resource,
Sugodinsk-Ogodzhinsky Coal Mine,A-Property,
Usinsk-1 Coal Mine,Russkaya Energiya,
Pervomaisky Coal Mine,Siberian Business Union-Coal (SBU),
Shurapskaya Coal Mine,Siberian Business Union-Coal (SBU),
Inaglinskaya-2 Mine,Kolmar,
Kolubara Mine Complex,Elektroprivreda Srbije (EPS),
Grootegeluk Coal Mine,Exxaro,
Greater Soutpansberg Coal Project,MC Mining,74
Greater Soutpansberg Coal Project,Rothe Investments,26
Boikarabelo Coal Mine,Resource Generation Australia,
Paardekop Coal Mine,Glencore,
New Largo Coal Mine,Seriti (67.5%),5
New Largo Coal Mine,Industrial Development Corporation (22.5%),5
New Largo Coal Mine,New Largo Employee & Community Trusts,10
Bernice-Cygnus Coal Mine,TerraCom Resources,50
Bernice-Cygnus Coal Mine,Bono Lithihi Investments Group,50
Afşin-Elbistan Coal Mine,Euas Electricity Generation Company (Elektrik Üretim A.Ş,
Afşin-Elbistan Coal Mine,EÜAŞ),
Cumberland Coal Mine,Contura Energy,
Hamilton County Mine No.1,Alliance Resource Partners,
MC #1 Coal Mine,Foresight Energy,
Black Thunder Coal Mine,Arch Resources,
North Antelope Rochelle Coal Mine,Peabody Energy,
Youngs Creek Coal Mine,Navajo Nation,
Angren Coal Mine,Ministry of Finance of Uzbekistan,
Sengwe Colliery,RioZim,
Upper Zakum,nan,
Bu Hasa,nan,
Bab,nan,
Lower Zakum,nan,
Umm Shaif/Nasr,nan,
Bab (Gasco),nan,
Asab,nan,
Asab,nan,
Vaca Muerta Shale,nan,
Goldwyer Shale,nan,
Gorgon LNG T1-T3,nan,
Velkerri Shale,nan,
ACG (Azeri-Chirag-Guneshli Deep Water),nan,
Central Arabian Offshore,nan,
Santos Offshore,nan,
Llandovery Shale,nan,
Buzios (x-Franco),Petrobras,100
Irati Shale,nan,
Lula (X-Tupi),nan,
Parnaiba Onshore,nan,
Libra,nan,
Candeias Shale,Petrobras,100
Campos Offshore,nan,
Mero (Libra NW),nan,
Montney Play,nan,
"Spirit River (Notikewin, Falher, Wilrich)",nan,
Horizon Oil Sands Project,nan,
Kearl,nan,
Duvernay,nan,
Athabasca Oil Sands Project,nan,
Christina Lake,nan,
Liard Shale,nan,
Syncrude Mildred Lake/Aurora,Suncor (58.7%),7
Longmaxi Shale,nan,
Changqing,nan,
Daqing,nan,
Cambrian/Silurian Marine Shale,nan,
Longmaxi Shale (Sichuan/Changyu),nan,
Tarim (CNPC),nan,
Southeast Uplift Onshore Heilongjiang Province,nan,
Shengli,Sinopec Group,
Oil shale China,nan,
Xinjiang (CNPC),nan,
Central Uplift Onshore Xinjiang Uygur Autonomous Region,nan,
La Luna Shale,nan,
Tannezuft Shale,nan,
Hassi R'Mel (Domestic),Sonatrach SPA,100
Hassi Messaoud,Sonatrach SPA,100
Bowland Shale,nan,
Kronprins Christian Offshore,nan,
Greater Turbot (Stabroek),nan,
Greater Liza (Liza),nan,
East Natuna (x-Natuna D-Alpha),nan,
Leviathan,nan,
Barail Shale,nan,
Rumaila North & South,nan,
Qurna West,nan,
Baghdad East,China ZhenHua Oil Co.,
Central Arabian Onshore,nan,
Majnoon,Basra Oil Company,100
Zubair,nan,
Qurna West-2,nan,
Halfayah,nan,
Nahr bin Umar,Basra Oil Company,100
Ratawi,Basra Oil Company,100
Basrah Gas project,nan,
Marun,National Iranian Oil Company,100
Azadegan,China National Petroleum Corporation,100
Ahwaz Asmari,National Iranian Oil Company,100
Central Arabian Offshore,nan,
Gachsaran,National Iranian Oil Company,100
Agha Jari,National Iranian Oil Company,100
Ahwaz Bangestan,National Iranian Oil Company,100
Pazanan,National Iranian Oil Company,100
South Pars (Phases 9-10) dry gas,nan,
Kish Gas Project,National Iranian Oil Company,100
Pars Southwest,nan,
South Pars (Phases 4-5) dry gas,nan,
Mansouri Bangestan,National Iranian Oil Company,100
South Pars (Phases 22-24),nan,
South Pars (Phases 20-21),National Iranian Oil Company,100
South Pars (Phases 2-3) dry gas,nan,
Greater Burgan,nan,
Project Kuwait,nan,
Central Arabian Onshore,nan,
Kashagan,nan,
Tengiz,nan,
Carboniferous Shale,nan,
Karachaganak,nan,
Sirte Shale,nan,
El Sharara,nan,
Eagle Ford Shale,nan,
Gulf Deepwater Offshore,nan,
Ku-Maloob-Zaap Project,nan,
Yucatan Platform Offshore,['Petroleos Mexicanos',
Yucatan Platform Offshore,nan,
Yucatan Platform Offshore,'Petroleos Mexicanos'],
MZLNG Joint Development (T1-T2),nan,
Area-1 Future Phases,nan,
Area 1 LNG (T1&T2),nan,
NLNG Base Project,nan,
Troll,nan,
Johan Sverdrup,nan,
Khafji,nan,
Sembar Shale,nan,
Lublin Basin Silurian Shale,nan,
North Field,nan,
North Field C LNG,nan,
North Field E,QatarEnergy,
QatarGas LNG T8-T11 (NFE-East),nan,
Barzan,nan,
Central Arabian Onshore,nan,
Qatargas 2 LNG T4-T5,nan,
QatarGas LNG T12-T13 (NFE-South),nan,
Dolphin,nan,
Rasgas 2 LNG T3-T5,nan,
Rasgas 3 LNG T6-T7,Qatargas Operating Company Limited,
Rasgas 3 LNG T6-T7,Qatargas Operating Company Limited,
QatarGas 1 LNG T1-T3,nan,
QatarGas 1 LNG T1-T3,nan,
Al Khaleej Gas project,nan,
Bovanenkovo Zone (Yamal Megaproject),Gazprom,
Gazprom dobycha Yamburg,Gazprom,
Tunguska Basin CBM,nan,
Shtokman,nan,
Urengoyskoye,Gazprom,
Kuznetsk Depression (Kuzbass) CBM,nan,
Yuganskneftegaz,nan,
Eastern Gas Program,nan,
West Siberia Offshore,nan,
Lensky Basin CBM,nan,
Timan - Pechora Basin Offshore,nan,
Tambey Zone (Yamal Megaproject),nan,
Timan - Pechora Basin Onshore,nan,
Samotlorneftegaz (TNK-BP),ROSNEFTEGAZ JSC,
Leningradskoye (Kara Sea),Gazprom,
Gazprom dobycha Orenburg,Gazprom,
Arctic LNG 2 T1-3,nan,
Volga - Urals Onshore,nan,
Romashkino,nan,
Rusanovskoye (Kara Sea),nan,
Gazprom dobycha Nadym,['Gazprom',
Gazprom dobycha Nadym,'Gazprom',
Gazprom dobycha Nadym,'Gazprom'],
Taymyr Basin CBM,nan,
North Kara Sea Offshore,nan,
West Siberia Onshore,nan,
SeverEnergia Project,nan,
Ghawar Uthmaniyah,nan,
Safaniya,nan,
Khurais project,nan,
Ghawar Haradh,nan,
Central Arabian Offshore,nan,
Ghawar Shedgum,nan,
Qatif project,nan,
Manifa (redevelop),nan,
Ghawar Hawiyah,nan,
Central Arabian Onshore,nan,
Shaybah,nan,
Berri,nan,
Zuluf (CR in field),nan,
Zuluf,nan,
Khursaniyah,nan,
Ghawar Ain Dar N,nan,
Marjan,nan,
Safaniya YTF Concession,nan,
Zuluf (expansion),nan,
Zuluf (expansion),nan,
Abqaiq,nan,
Ghawar Ain Dar S,nan,
Ghawar Ain Dar S,nan,
Ghawar Ain Dar S,nan,
Ghawar Ain Dar S,nan,
Ghawar Ain Dar S,nan,
Ghawar Ain Dar S,nan,
Sudair Shale,nan,
Harmaliyah,nan,
Tanf Shale,nan,
Yolotan (Iolotan) South,nan,
Yashlar Vostochnyy (East),nan,
Dovletabad-Donmez,nan,
Tanzanian Coastal Offshore,nan,
Menilite Shale,nan,
Permian Delaware Tight,nan,
Marcellus Shale,nan,
Permian Midland Tight,nan,
Haynesville/Bossier Shale,nan,
Utica Shale,nan,
Bakken Shale,nan,
Eagle Ford Shale,nan,
DJ Basin Tight Oil,nan,
Western Gulf Province_Texas,nan,
Woodford Shale,nan,
PRB Tight Oil,nan,
Chukchi Sea Offshore,nan,
Meramec Shale,nan,
Permian Conventional_Texas,nan,
North Slope Onshore,nan,
Anadarko Shelf_Oklahoma,nan,
Baltimore Canyon Offshore,nan,
Austin Chalk Tight,nan,
Barnett Shale,nan,
Beaufort Sea Offshore,nan,
Gulf Coast Centre Offshore,nan,
West Florida Offshore,nan,
Orinoco Joint Ventures,nan,
La Luna Shale,nan,
Collingham Shale,nan,
